{"cameraMode":{"drawMode":0,"name":"Shaded","section":"Shading Mode"},"sceneLighting":false,"audioPlay":false,"sceneViewState":{"showFog":true,"showMaterialUpdate":false,"showSkybox":false,"showFlares":true,"showImageEffects":true,"showParticleSystems":true},"in2DMode":false,"pivot":{"x":196.7631378173828,"y":-44.73932647705078,"z":2.0869140625},"rotation":{"x":-0.14673323929309846,"y":0.024328362196683885,"z":-0.003609737614169717,"w":-0.9888719916343689},"size":195.15419006347657,"orthographic":false}