{"cameraMode":{"drawMode":0,"name":"Shaded","section":"Shading Mode"},"sceneLighting":false,"audioPlay":false,"sceneViewState":{"showFog":true,"showMaterialUpdate":false,"showSkybox":false,"showFlares":true,"showImageEffects":true,"showParticleSystems":true},"in2DMode":false,"pivot":{"x":174.77708435058595,"y":89.58389282226563,"z":-30.4404296875},"rotation":{"x":-0.0916806012392044,"y":0.002088327659294009,"z":-0.0001920506329042837,"w":-0.9957876801490784},"size":241.72372436523438,"orthographic":false}